nom_scientifique;nom_vernaculaire;Partie de plante (EMA);Usage ;famille;methode_consommation;proprietes_principales;resolution_probleme;parties_comestibles;contre_indications;interactions_medicamenteuses;contre_indication_femmes_enceintes;contre_indication_enfant
Achillea millefolium L.;Achillée millefeuille;Parties aériennes et fleur;Traditionnel;Asteraceae;infusion (feuilles et fleurs séchées), décoction, teinture mère, usage externe (compresses, bains, cataplasmes), huile ou macérat pour application cutanée;anti-inflammatoire, antispasmodique, hémostatique, digestive, fébrifuge, cicatrisante;troubles digestifs (ballonnements, crampes, digestion lente), règles douloureuses ou irrégulières, petites plaies et saignements superficiels, inflammations de la peau, fièvre légère et états grippaux, spasmes intestinaux;Parties aériennes;En cas d’allergie croisée connue, en particulier aux plantes de la famille des Asteraceae ne pas consommer un CA contenant une préparation à base de cette partie de plante. ;-;En l’absence de données chez la femme enceinte ou allaitante, éviter de consommer un complément alimentaire contenant une préparation à base de cette partie de plante;En l’absence de données, avant l’âge de 12 ans, éviter de consommer un complément alimentaire contenant une préparation à base de cette partie de plante 
Actaea racemosa L. (syn. Cimicifuga racemosa (L.) Nutt.);Actée à grappes, Cimicaire à grappes;Rhizome;Bien établi;Ranunculaceae;infusion (racine séchée), décoction, teinture mère, extrait standardisé, gélules;antispasmodique, anti-inflammatoire, sédative légère, régulatrice hormonale, analgésique;troubles de la ménopause (bouffées de chaleur, sueurs nocturnes), troubles menstruels, douleurs menstruelles, tensions nerveuses, douleurs musculaires et articulaires, troubles du sommeil liés aux déséquilibres hormonaux;Rhizome, racine;En cas de de cancer hormono-dépendant, d'affection billaire ou hépatique ne pas consommer un CA contenant une préparation à base de cette partie de plante.;Interactions avec les traitements hormonaux oestro-progestatifs et les anti-oestrogènes (par exemple le tamoxifène). ;Chez la femme enceinte ou allaitante, contre-indication de consommer un CA contenant une préparation à base de cette plante. En raison des interactions médicamenteuses démontrées, augmentant le risque de grossesse non désirée, les femmes en âge de procréer doivent éviter de consommer un CA contenant une préparation à base de cette partie de plante;En l’absence de données, avant l’âge de 18 ans, éviter de consommer un CA contenant une préparation à base de cette partie de plante. Réservé à l’adulte. 
Aesculus hippocastanum L.;Marronnier d'Inde;Ecorce;Traditionnel;Sapindaceae;extrait standardisé, teinture mère, gélules, usage externe (gel, crème, pommade), décoction pour usage externe;veinotonique, vasoprotectrice, anti-inflammatoire, anti-œdémateuse, astringente;insuffisance veineuse, jambes lourdes, varices, hémorroïdes, œdèmes, troubles circulatoires périphériques;Graine, bourgeon de feuille, écorce;-;-;En l’absence de données, chez la femme enceinte ou allaitante, éviter de consommer un CA contenant une préparation à base de cette partie de plante ;En l’absence de données, avant l’âge de 18 ans, éviter de consommer un CA contenant une préparation à base de cette partie de plante. Réservé à l’adulte.
Agrimonia eupatoria L.;Aigremoine eupatoire;Parties aériennes;Traditionnel;Rosaceae;infusion (parties aériennes fleuries), décoction, teinture mère, usage externe (bains de bouche, compresses, gargarismes);astringente, anti-inflammatoire, digestive, cholérétique, cicatrisante;troubles digestifs légers (diarrhée, ballonnements), inflammations de la bouche et de la gorge, troubles hépato-biliaires légers, plaies superficielles, irritations cutanées;Parties aériennes;-;-;En l’absence de données chez la femme enceinte ou allaitante, éviter de consommer un complément alimentaire contenant une préparation à base de cette partie de plante;En l’absence de données, avant l’âge de 12 ans, éviter de consommer un complément alimentaire contenant une préparation à base de cette partie de plante 
Allium sativum L.;Ail;Bulbe;Traditionnel;Amaryllidaceae;cru, cuit, infusion, macérat, teinture mère, extrait standardisé, gélules;antibactérienne, antivirale, antifongique, hypotensive, hypolipidémiante, antioxydante;infections bactériennes et virales, hypertension légère, excès de cholestérol, troubles circulatoires, affaiblissement du système immunitaire, prévention cardiovasculaire;Bulbe;En cas de traitement concomitant par un médicament anti-rétroviral (saquinavir,ritonavir,…), la consommation d’un CA contenant une préparation à base de cette partie de plante est contre-indiquée.;En cas de traitement concomitant par un médicament anticoagulant ou antiagrégant plaquettaire, ne pas consommer un CA contenant une préparation à base de cette partie de plante.;En l’absence de données, chez la femme enceinte ou allaitante, éviter de consommer un CA contenant une préparation à base de cette partie de plante ;En l’absence de données, avant l’âge de 18 ans, éviter de consommer un CA contenant une préparation à base de cette partie de plante. Réservé à l’adulte.
Aloe vera (L.) Burm. f. (syn. Aloe barbadensis Mill.);Aloès;Suc ;Bien établi;Asphodelaceae;gel interne purifié, jus stabilisé, usage externe (gel, crème, cataplasme), gélules;cicatrisante, hydratante, anti-inflammatoire, immunostimulante, laxative douce (latex), antiseptique;brûlures et coups de soleil, irritations et lésions cutanées, troubles digestifs, constipation occasionnelle, inflammations gastro-intestinales, soutien du système immunitaire;Feuille, gel, latex (jus);En cas d’occlusion intestinale, de maladie inflammatoire intestinale aigüe ou chronique, de douleurs abdominales d’origine inexpliqué, de déshydratation sévère ou d’hypokaliémie, ne pas consommer de CA contenant une préparation à base de cette partie de plante.;"Par son effet sur la kaliémie :
* Potentialisation de l’effet des médicaments diurétiques sur la kaliémie ;
* Interférence avec les médicaments anti-arythmiques.";En raison de la présence de dérivés hydroxyanthracéniques, chez la femme enceinte ou allaitante, la consommation de CA contenant une préparation à base de cette partie de plante est formellement contre-indiquée;En raison de la présence de dérivés hydroxyanthracéniques, avant l’âge de 12 ans, la consommation de CA contenant une préparation à base de cette partie de plante est formellement contre-indiquée 
Althaea officinalis L.;Guimauve officinale, Mauve blanche, Bourbon de Saint-Jacques;Racine;Traditionnel;Malvaceae;infusion, décoction, sirop;émolliente, adoucissante, anti-inflammatoire;irritations digestives, toux sèche, inflammations des muqueuses;Feuille, racine, fleur;-;En cas de traitement médicamenteux concomitant, consommer le CA contenant cette plante à distance de médicaments (au moins 60 minutes d’intervalle).;En l’absence de données chez la femme enceinte ou allaitante, éviter de consommer un complément alimentaire contenant une préparation à base de cette partie de plante;"Par précaution, avant l’âge de 3 ans, éviter de consommer un CA contenant une préparation à base de cette partie de plante. 
A partir de 3 ans :  
Extraits aqueux uniquement :
• 3-5 ans : max 3 g/j équivalent plante sèche. 
• 6-12 ans: max 4,5 g/j équivalent plante sèche.
"
Arctium lappa L.;Grande bardane;Racine;Traditionnel;Asteraceae;décoction, infusion, teinture mère;dépurative, diurétique, antiseptique;affections cutanées, troubles hépatiques, élimination des toxines;Toutes parties; En cas d'allergie croisée connue (en particulier aux plantes de la famille des Asteraceaes, ne pas consommer un CA contenant cette plante. ;En cas de traitement concomitant par un médicament diurétique, éviter de consommer un CA contenant cette plante. Demander conseil à un pharmacien.;En l’absence de données, chez la femme enceinte ou allaitante, éviter de consommer un CA contenant une préparation à base de cette partie de plante ;En l’absence de données, avant l’âge de 18 ans, éviter de consommer un CA contenant une préparation à base de cette partie de plante. Réservé à l’adulte.
Artemisia absinthium L.;Absinthe;Parties aériennes;Traditionnel;Asteraceae;infusion, teinture mère;tonique amère, digestive, vermifuge;digestion difficile, manque d’appétit;Non précisée (DGCCRF, 2019) ;En cas de pathologie biliaire ou hépatique, ne pas consommer un CA contenant une préparation à base de cette partie de plante. En cas d'allergie croisée connue (en particulier à la famille des Asteraceae), ne pas consommer un produit contenant cette plante;-;En raison des données expérimentales toxicologiques, chez la femme enceinte ou allaitante, contre-indication de consommer un CA contenant une préparation à base de cette partie de plante ;En l’absence de données, avant l’âge de 18 ans, éviter de consommer un CA contenant une préparation à base de cette partie de plante. Réservé à l’adulte.
Avena sativa L.;Avoine cultivée, Avoine;Fruit;Traditionnel;Poaceae;infusion, extrait, gélules;reminéralisante, calmante, nutritive;fatigue nerveuse, convalescence;Grain;-;-;-;-
Betula pendula Roth et Betula pubescens Ehrh.;Bouleau verruqueux, Bouleau blanc , et Bouleau pubescent, Bouleau des marais, Bouleau blanc;Feuille;Traditionnel;Betulaceae;infusion, décoction, extrait;diurétique, dépurative, anti-inflammatoire;drainage rénal, rhumatismes;Feuille, écorce, bourgeon, sève;En cas d’insuffisance cardiaque ou rénale, ne pas consommer un CA contenant une préparation à base de cette partie de plante. En cas d’allergie aux dérivés salicylés et d’intolérance aux anti-inflammatoires non-stéroïdiens, ne pas consommer un CA contenant une préparation à base de cette partie de plante.;En cas de traitement concomitant par un médicament anti-diurétique, éviter de consommer un CA contenant une préparation à base de cette partie de plante. Demander conseil à un pharmacien.;En l’absence de données chez la femme enceinte ou allaitante, éviter de consommer un complément alimentaire contenant une préparation à base de cette partie de plante;En l’absence de données, avant l’âge de 12 ans, éviter de consommer un complément alimentaire contenant une préparation à base de cette partie de plante 
Calendula officinalis L.;Souci officinal;Fleur (capitule);Traditionnel;Asteraceae;infusion, usage externe, macérat;cicatrisante, anti-inflammatoire, antiseptique;plaies, brûlures, inflammations cutanées;Inflorescences;-;-;-;-
Camellia sinensis (L.) Kuntze;Théier (vert);Feuille;Traditionnel;Theaceae;infusion;stimulante, antioxydante, diurétique;fatigue, vigilance, drainage;Feuille;En cas de d’ulcère gastro-duodénal ou de troubles cardiaques (arythmie, hypertension), ou d’hyperthyroïdie, ne pas consommer un CA contenant une préparation à base de cette partie de plante.;"Surveiller les interactions médicamenteuses suivantes : 
·       Diminution de l’effet des médicaments sédatifs; 
·      Augmentation des effets indésirables des médicaments sympathomimétiques (comme l’adrénaline, la dobutamine, la dopamine, la dopexamine, l’isoprénaline, la noradrénaline, la phényléphrine).";En raison de la présence de caféine et de catéchines (dont l’EGCG), chez la femme enceinte ou allaitante, éviter de consommer un CA contenant une préparation à base de cette partie de plante;En l’absence de données, avant l’âge de 18 ans, éviter de consommer un CA contenant une préparation à base de cette partie de plante. Réservé à l’adulte.
Capsella bursa-pastoris (L.) Medik.;Bourse-à-pasteur commune;Parties aériennes;Traditionnel;Brassicaceae;infusion, teinture mère;hémostatique, astringente;règles abondantes, petits saignements;Parties aériennes;-;-;En l’absence de données, chez la femme enceinte ou allaitante, éviter de consommer un CA contenant une préparation à base de cette partie de plante ;En l’absence de données, avant l’âge de 18 ans, éviter de consommer un CA contenant une préparation à base de cette partie de plante. Réservé à l’adulte.
Capsicum annuum L.;Piment;Fruit;Bien établi;Solanaceae;alimentaire, extrait;stimulant, rubéfiant, digestif;fatigue, digestion lente;Fruit;-;-;-;-
Carum carvi L.;Carvi, Cumin des prés;Fruit;Traditionnel;Apiaceae;infusion, usage alimentaire;carminatif, antispasmodique;ballonnements, gaz intestinaux;Fruit; En cas d’obstruction biliaire ou d’insuffisance hépatique ou d’achlorhydrie, ne pas consommer un CA contenant une préparation à base de cette partie de plante. En cas d’allergie à d'autres plantes de la famille des Apiaceae telles que fenouil, céleri, anis, coriandre, ainsi qu'au pollen de bouleau, ou à l'absinthe, ne pas consommer un CA contenant une préparation à base de cette partie de plante.;-;En l’absence de données chez la femme enceinte ou allaitante, éviter de consommer un complément alimentaire contenant une préparation à base de cette partie de plante;En l’absence de données, avant l’âge de 12 ans, éviter de consommer un complément alimentaire contenant une préparation à base de cette partie de plante 
Centaurium erythraea Rafn.;Erythrée petite centaurée;Parties aériennes;Traditionnel;Gentianaceae;infusion;tonique amère, digestive;manque d’appétit, digestion lente;Parties aériennes; En cas d’ulcère gastroduodénal, ne pas consommer un CA contenant une préparation à base de cette partie de plante.;-;En l’absence de données, chez la femme enceinte ou allaitante, éviter de consommer un CA contenant une préparation à base de cette partie de plante ;En l’absence de données, avant l’âge de 18 ans, éviter de consommer un CA contenant une préparation à base de cette partie de plante. Réservé à l’adulte.
Cetraria islandica (L.) Acharius s.l.; Mousse d’Islande ou Lichen d’Islande;Thalle;Traditionnel;Parmeliaceae;décoction, sirop;émolliente, nutritive, antitussive;toux, irritation des voies respiratoires;Thalle;-;En cas de traitement médicamenteux concomitant consommer le produit contenant cette plante à distance du ou des médicaments (au moins 60 minutes d’intervalle)  ;En l’absence de données, chez la femme enceinte ou allaitante, éviter de consommer un CA contenant une préparation à base de cette partie de plante ;"En l’absence de données, avant l’âge de 6 ans, éviter de consommer un CA contenant une préparation à base de cette partie de plante. Réservé à l’adulte.
A partir de 6 ans : 
• 6-12 ans : extrait aqueux - 32 mg à 2,4 g/j équivalent plante sèche.  
• > 12 ans : posologie adulte.
"
Chamaemelum nobile (L.) All.;Camomille romaine;Fleur (capitule);Traditionnel;Asteraceae;infusion, usage externe;calmante, antispasmodique, digestive;stress, troubles digestifs, insomnie;Fleur;En cas d'allergie croisée connue (en particulier aux plantes de la famille des Asteraceae, ne pas consommer un CA contenant une préparation à base de cette partie de plante.;-;En l’absence de données chez la femme enceinte ou allaitante, éviter de consommer un complément alimentaire contenant une préparation à base de cette partie de plante;En l’absence de données, avant l’âge de 12 ans, éviter de consommer un complément alimentaire contenant une préparation à base de cette partie de plante 
Cichorium intybus L.;Chicorée sauvage;Racine;Traditionnel;Asteraceae;décoction, infusion;cholérétique, digestive;troubles hépatiques, digestion lente;Fleur, feuille, racine;En cas d'allergie croisée connue, en particulier aux plantes de la famille des Asteraceae, ne pas consommer un CA contenant une préparation à base de cette partie de plante.;-;En l’absence de données chez la femme enceinte ou allaitante, éviter de consommer un complément alimentaire contenant une préparation à base de cette partie de plante;En l’absence de données, avant l’âge de 12 ans, éviter de consommer un complément alimentaire contenant une préparation à base de cette partie de plante 
Cinnamomum verum J.Presl.;Cannelier, Cannelier de Ceylan;Ecorce;Traditionnel;Lauraceae;infusion, poudre;stimulante, antiseptique, digestive;fatigue, troubles digestifs;Ecorce, feuille;En cas d'allergie croisée connue, en particulier avec le baume du Pérou, ne pas consommer un CA contenant une préparation à base de cette partie de plante.;-;En l’absence de données, chez la femme enceinte ou allaitante, éviter de consommer un CA contenant une préparation à base de cette partie de plante ;En l’absence de données, avant l’âge de 18 ans, éviter de consommer un CA contenant une préparation à base de cette partie de plante. Réservé à l’adulte.
Cola acuminata (P.Beauv.) Schott et Endl.;Noix de cola, Colatier;Graine;Traditionnel;Malvaceae;extrait, poudre;stimulante, tonique;fatigue physique et mentale;Graine;En cas d’ulcère gastro-duodénal et/ou de troubles cardiaques (arythmie, hypertension), et/ou d’hyperthyroïdie, éviter de consommer un complément alimentaire contenant une préparation à base de cette partie de plante cette plante.;"Eviter de consommer le C.A. en cas de prise de médicaments sédatifs ou sympathomimétiques. 
·      Diminution de l’effet des médicaments sédatifs.
·      Augmentation des effets indésirables des médicaments sympathomimétiques (comme l’adrénaline, la dobutamine, la dopamine, la dopexamine, l’isoprénaline, la noradrénaline, la phényléphrine).
o  En cas de traitement concomitant par un médicament Inhibiteur de la Mono-Amine Oxydase (IMAO), éviter de consommer un complément alimentaire contenant une préparation à base de cette partie de plante.";Chez la femme enceinte ou allaitante, contre-indication de consommer un CA contenant une préparation à base de cette plante. ;En l’absence de données, avant l’âge de 18 ans, éviter de consommer un CA contenant une préparation à base de cette partie de plante. Réservé à l’adulte.
Crataegus spp. (C. azarolus L., C. laevigata (Poir.) DC., C. monogyna Jacq., C. pentagyna Waldst. & Kit.);Aubépine;Feuille avec fleur;Traditionnel;Rosaceae;infusion, extrait, gélules;cardiotonique, sédative;palpitations, anxiété légère;Fruit, feuille, bourgeon de feuille, sommité fleurie;-;-;En l’absence de données chez la femme enceinte ou allaitante, éviter de consommer un complément alimentaire contenant une préparation à base de cette partie de plante;En l’absence de données, avant l’âge de 12 ans, éviter de consommer un complément alimentaire contenant une préparation à base de cette partie de plante 
Cucurbita pepo L.;Courge, Courgette, Citrouille;Graine;Traditionnel;Cucurbitaceae;graines, huile;antiparasitaire, protectrice prostatique;parasites intestinaux, troubles urinaires;Graine;-;-;En l’absence de données, chez la femme enceinte ou allaitante, éviter de consommer un CA contenant une préparation à base de cette partie de plante ;En l’absence de données, avant l’âge de 18 ans, éviter de consommer un CA contenant une préparation à base de cette partie de plante. Réservé à l’adulte.
Curcuma longa L.;Curcuma;Rhizome;Traditionnel;Zingiberaceae;poudre, extrait;anti-inflammatoire, antioxydante;douleurs articulaires, troubles digestifs;Rhizome; En cas d’obstruction biliaire ou d’autres troubles de la fonction biliaire, ne pas consommer un CA contenant une préparation à base de cette partie de plante.;-;En l’absence de données, chez la femme enceinte ou allaitante, éviter de consommer un CA contenant une préparation à base de cette partie de plante ;En l’absence de données, avant l’âge de 18 ans, éviter de consommer un CA contenant une préparation à base de cette partie de plante. Réservé à l’adulte.
Curcuma xanthorrhiza Roxb.;Temoe-lawacq;Rhizome;Traditionnel;—;infusion;tonique, adaptogène;fatigue générale;Rhizome; En cas d’obstruction biliaire ou d’autres troubles de la fonction biliaire, ne pas consommer un CA contenant une préparation à base de cette partie de plante.;-;En l’absence de données, chez la femme enceinte ou allaitante, éviter de consommer un CA contenant une préparation à base de cette partie de plante ;En l’absence de données, avant l’âge de 18 ans, éviter de consommer un CA contenant une préparation à base de cette partie de plante. Réservé à l’adulte.
Cynara scolymus L.;Artichaut ;Feuille;Traditionnel;Asteraceae;infusion, extrait;cholérétique, dépurative;foie paresseux, digestion difficile;Feuille, capitule ;"En cas d’obstruction biliaire ou d’autres troubles de la fonction biliaire, ne pas consommer un CA contenant une préparation à base de cette partie de plante.
En cas d'allergie croisée connue, en particulier aux plantes de la famille des Asteraceae, ne pas consommer un CA contenant une préparation à base de cette partie de plante.";-;En l’absence de données chez la femme enceinte ou allaitante, éviter de consommer un complément alimentaire contenant une préparation à base de cette partie de plante;En l’absence de données, avant l’âge de 12 ans, éviter de consommer un complément alimentaire contenant une préparation à base de cette partie de plante 
Echinacea angustifolia DC.;Échinacée à feuilles étroites ;Racine;Traditionnel;Asteraceae;extrait, teinture mère;immunostimulante, anti-infectieuse;infections répétées;Organes souterrains;En cas de pathologie du système immunitaire ou de prise de médicaments affectant le système immunitaire, ne pas consommer un CA contenant une préparation à base de cette partie de plante. En cas d'allergie croisée connue, en particulier aux plantes de la famille des Asteraceae, ne pas consommer un CA contenant une préparation à base de cette partie de plante.;-;En l’absence de données chez la femme enceinte ou allaitante, éviter de consommer un complément alimentaire contenant une préparation à base de cette partie de plante;En l’absence de données, avant l’âge de 12 ans, éviter de consommer un complément alimentaire contenant une préparation à base de cette partie de plante 
Echinacea pallida (Nutt.) Nutt.;Echinacée pâle;Racine;Traditionnel;Asteraceae;extrait, teinture mère;immunostimulante;prévention des infections;Organes souterrains;En cas de pathologie du système immunitaire ou de prise de médicaments affectant le système immunitaire, ne pas consommer un CA contenant une préparation à base de cette partie de plante. En cas d'allergie croisée connue, en particulier aux plantes de la famille des Asteraceae, ne pas consommer un CA contenant une préparation à base de cette partie de plante.;-;En l’absence de données chez la femme enceinte ou allaitante, éviter de consommer un complément alimentaire contenant une préparation à base de cette partie de plante;En l’absence de données, avant l’âge de 12 ans, éviter de consommer un complément alimentaire contenant une préparation à base de cette partie de plante 
Echinacea purpurea (L.) Moench;Echinacée pourpre;Racine;Traditionnel;Asteraceae;extrait, teinture mère;immunostimulante, anti-inflammatoire;infections respiratoires;Parties aériennes, organes souterrains;En cas de pathologie du système immunitaire ou de prise de médicaments affectant le système immunitaire, ne pas consommer un CA contenant une préparation à base de cette partie de plante. En cas d'allergie croisée connue, en particulier aux plantes de la famille des Asteraceae, ne pas consommer un CA contenant une préparation à base de cette partie de plante.;-;En l’absence de données chez la femme enceinte ou allaitante, éviter de consommer un complément alimentaire contenant une préparation à base de cette partie de plante;En l’absence de données, avant l’âge de 12 ans, éviter de consommer un complément alimentaire contenant une préparation à base de cette partie de plante 
Eleutherococcus senticosus (Rupr. et Maxim.) Maxim.;Eleuthérocoque;Racine;Traditionnel;Araliaceae;extrait, gélules;adaptogène, tonique;fatigue, baisse d’immunité;Organes souterrains;-;-;En l’absence de données chez la femme enceinte ou allaitante, éviter de consommer un complément alimentaire contenant une préparation à base de cette partie de plante;En l’absence de données, avant l’âge de 12 ans, éviter de consommer un complément alimentaire contenant une préparation à base de cette partie de plante 
Elymus repens (L.) Gould (syn. Agropyron repens (L.) P. Beauv.);Chiendent;Racine;Traditionnel;Poaceae;décoction;diurétique, dépuratif;troubles urinaires, drainage;Parties aériennes;En cas d’insuffisance cardiaque ou rénale sévère, ne pas consommer un CA contenant une préparation à base de cette partie de plante.;-;En l’absence de données chez la femme enceinte ou allaitante, éviter de consommer un complément alimentaire contenant une préparation à base de cette partie de plante;" En l’absence de données cliniques, avant l’âge de 12 ans, éviter de consommer un complément alimentaire contenant un extrait aqueux à base de cette partie de plante (feuilles).
En l’absence de données cliniques, avant l’âge de 18 ans, éviter de consommer un complément alimentaire contenant un extrait hydro-éthanolique à base de cette partie de plante (feuilles). Réservé à l’adulte.
"
Epilobium angustifolium L. et Epilobium parviflorum Schreb.;Epilobe en épi, Epilobe à feuilles étroites, Epilobe à petites fleurs;Parties aériennes;Traditionnel;Onagraceae;infusion;anti-inflammatoire, astringente;troubles prostatiques légers;Parties aériennes;-;-;En l’absence de données, chez la femme enceinte ou allaitante, éviter de consommer un CA contenant une préparation à base de cette partie de plante ;En l’absence de données, avant l’âge de 18 ans, éviter de consommer un CA contenant une préparation à base de cette partie de plante. Réservé à l’adulte.
Equisetum arvense L.;Prêle des champs;Parties aériennes;Traditionnel;Equisetaceae;infusion, décoction;reminéralisante, diurétique;fragilité osseuse, drainage;Parties aériennes;En cas d’insuffisance cardiaque ou rénale œdémateuse, ne pas consommer un CA contenant une préparation à base de cette partie de plante.;-;En l’absence de données chez la femme enceinte ou allaitante, éviter de consommer un complément alimentaire contenant une préparation à base de cette partie de plante;En l’absence de données, avant l’âge de 12 ans, éviter de consommer un complément alimentaire contenant une préparation à base de cette partie de plante 
Eschscholzia californica Cham.;Eschscholtzia de Californie, Pavot jaune de Californie;Parties aériennes;Traditionnel;Papaveraceae;infusion, extrait;sédative, anxiolytique;insomnie, nervosité;Parties aériennes;-;-;En l’absence de données, chez la femme enceinte ou allaitante, éviter de consommer un CA contenant une préparation à base de cette partie de plante ;En l’absence de données, avant l’âge de 18 ans, éviter de consommer un CA contenant une préparation à base de cette partie de plante. Réservé à l’adulte.
Eucalyptus globulus Labill.;Eucalyptus globuleux, Gommier bleu;Feuille;Traditionnel;Myrtaceae;inhalation, infusion;antiseptique, expectorante;affections respiratoires;Feuille;En cas d’ulcère ou d’inflammation du tractus digestif, ne pas consommer de complément alimentaire contenant une préparation à base de cette partie de plante.;-;En l’absence de données, chez la femme enceinte ou allaitante, éviter de consommer un complément alimentaire contenant une préparation à base de cette partie de plante ;"*En raison de la présence de 1,8-cinéole, chez les moins de 30 mois, la consommation d’un complément alimentaire contenant une préparation à base de cette partie de plante (feuilles) est formellement contre-indiquée. 
*En l’absence de données cliniques, avant l’âge de 12 ans, éviter de consommer un complément alimentaire contenant un extrait aqueux à base de cette partie de plante (feuilles). 
*En l’absence de données cliniques, avant l’âge de 18 ans, éviter de consommer un complément alimentaire contenant un extrait hydro-éthanolique à base de cette partie de plante (feuilles). Réservé à l’adulte"
Filipendula ulmaria (L.) Maxim.;Reine des prés, Spirée ulmaire, Barbe de bouc;Parties aériennes avec fleurs;Traditionnel;Rosaceae;infusion;anti-inflammatoire, antalgique, fébrifuge;douleurs articulaires, fièvre, états grippaux;Fleur, sommité fleurie;En cas de d’hypersensibilité aux salicylés (aspirine), ne pas consommer un CA contenant une préparation à base de cette partie de plante.;Potentialise l’effet des salicylés et des anti-inflammatoires non-stéroïdiens.  ;En l’absence de données, chez la femme enceinte ou allaitante, éviter de consommer un CA contenant une préparation à base de cette partie de plante ;En l’absence de données, avant l’âge de 18 ans, éviter de consommer un CA contenant une préparation à base de cette partie de plante. Réservé à l’adulte.
Foeniculum vulgare Mill. subsp. vulgare var. dulce (Mill.) Batt. & Trab;Fenouil doux;;;Apiaceae;infusion;carminatif, digestif, antispasmodique;ballonnements, coliques, digestion lente;Parties aériennes;En cas de d'allergie croisée connue, en particulier à la famille des Apiaceae (anis, carvi, céleri, coriandre, aneth) ou au pollen d’armoise ou à l’anéthole, ne pas consommer un CA contenant une préparation à base de cette partie de plante.;-;En l’absence de données, chez la femme enceinte ou allaitante, éviter de consommer un CA contenant une préparation à base de cette partie de plante ;"En l’absence de données, avant l’âge de 4 ans, éviter de consommer un CA contenant une préparation à base de cette partie de plante
Pour Foeniculum vulgare Mill. var. dulcis uniquement
A partir de 4 ans : 
• 4-12 ans : infusion 
3-5 g/j divisés en 3 prises (durée < 7 jours).
"
Foeniculum vulgare Miller subsp. vulgare var. vulgare ;Fenouil amer;Fruit;Traditionnel;Apiaceae;infusion;digestif, carminatif, stimulant digestif;digestion difficile, lourdeurs abdominales;Parties aériennes;En cas de d'allergie croisée connue, en particulier à la famille des Apiaceae (anis, carvi, céleri, coriandre, aneth) ou au pollen d’armoise ou à l’anéthole, ne pas consommer un CA contenant une préparation à base de cette partie de plante.;-;En l’absence de données, chez la femme enceinte ou allaitante, contre-indication de consommer un CA contenant une préparation à base de cette partie de plante ;"En l’absence de données, avant l’âge de 4 ans, éviter de consommer un CA contenant une préparation à base de cette partie de plante. 
A partir de 4 ans : 
• 4-12 ans : infusion 
3-5 g/j divisés en 3 prises (durée < 7 jours).
"
Frangula dodonei Ard. (syn. Rhamnus frangula L., Frangula alnus Mill.);Bourdaine;Ecorce (sèche);Bien établi;Rhamnaceae;décoction, extrait;laxative;constipation occasionnelle;Ecorce;"* En cas d’insuffisance cardiaque ou rénale œdémateuses, ne pas consommer un CA contenant une préparation à base de cette partie de plante (risque de troubles hydro-électrolytiques). 
* En cas d’obstruction intestinale (par exemple fécalome), de symptômes digestifs pouvant l’évoquer, ou de maladie inflammatoire chronique intestinale (MICI), ne pas consommer un CA contenant une préparation à base de cette partie de plante.";"*Potentialise l’effet des médicaments diurétiques sur la kaliémie : interfère avec les médicaments anti-arythmiques. 
*En cas de prise concomitante d’un traitement par des médicaments tels que des hétérosides cardiotoniques, des médicaments antiarythmiques ou allongeant l'intervalle QT, par des diurétiques, des corticostéroïdes ou de la racine de réglisse, éviter de consommer un CA contenant une préparation à base de cette partie de plante.
*En cas de prise concomitante d’un traitement laxatif, ou de la consommation d’un produit contenant une autre plante à effet laxatif, éviter de consommer un CA contenant une préparation à base de cette partie de plante.
";En raison de la présence de dérivés hydroxyanthracéniques (génotoxiques), chez la femme enceinte ou allaitante, la consommation d’un CA contenant une préparation à base de cette partie de plante est formellement contre-indiquée ;En l’absence de données et en raison de la présence de dérivés hydroxyanthracéniques (génotoxiques), avant l’âge de 12 ans, la consommation d’un CA contenant une préparation à base de cette partie de plante est formellement contre-indiquée
Frangula purshiana Cooper (syn. Rhamnus purshiana DC.);Cascara, Écorce sacrée;Ecorce (sèche);Bien établi;Rhamnaceae;extrait;laxative stimulante;constipation chronique;Ecorce;"* En cas d’insuffisance cardiaque ou rénale œdèmateuses, ne pas consommer un CA contenant une préparation à base de cette partie de plante (risque de troubles hydro-électrolytiques). 
* En cas d’obstruction intestinale (par exemple fécalome), de symptômes digestifs pouvant l’évoquer, et de maladie inflammatoire chronique intestinale (MICI), ne pas consommer un CA contenant une préparation à base de cette partie de plante.";"*  Potentialise l’effet des médicaments diurétiques sur la kaliémie : interfère avec les médicaments anti-arythmiques. 
*  En cas de prise concomitante d’un traitement par des médicaments tels que des hétérosides cardiotoniques, des médicaments antiarythmiques ou allongeant l'intervalle QT, par des diurétiques, des corticostéroïdes ou de la racine de réglisse, éviter de consommer un CA contenant une préparation à base de cette partie de plante. 
* En cas de prise concomitante d’un traitement laxatif, ou de la consommation d’un produit contenant une autre plante à effet laxatif, éviter de consommer un CA contenant une préparation à base de cette partie de plante.";En raison de la présence de dérivés hydroxyanthracéniques (génotoxiques), chez la femme enceinte ou allaitante, la consommation d’un CA contenant une préparation à base de cette partie de plante est formellement contre-indiquée ;En l’absence de données et en raison de la présence de dérivés hydroxyanthracéniques (génotoxiques), avant l’âge de 12 ans, la consommation d’un CA contenant une préparation à base de cette partie de plante est formellement contre-indiquée
Fraxinus excelsior L. ;Frêne commun, Frêne élevé;Feuille;Traditionnel;Oleaceae;infusion, décoction;diurétique, anti-inflammatoire;rhumatismes, drainage articulaire;Ecorce, feuille, bourgeon de feuille, graine;En cas d’insuffisance cardiaque ou rénale œdémateuse, ne pas consommer un CA contenant une préparation à base de cette partie de plante.;-;En l’absence de données, chez la femme enceinte ou allaitante, éviter de consommer un CA contenant une préparation à base de cette partie de plante ;En l’absence de données, avant l’âge de 4 ans, éviter de consommer un CA contenant une préparation à base de cette partie de plante
Fucus vesiculosus L. [Fucus serratus L.];Fucus, Varech vésiculeux;Thalle;Traditionnel;Fucaceae;poudre, gélules;stimulante thyroïdienne, reminéralisante;surpoids, fatigue métabolique;Toutes parties;En cas de pathologies cardiaques, rénales ou thyroïdiennes, ne pas consommer un CA contenant une préparation à base de cette partie de plante.;"*En cas de prise d’un traitement à visée thyroïdienne, ne pas consommer un CA contenant une préparation à base de cette partie de plante. 
* Un rapport de cas d'hyperthyroïdie a été publié chez un patient diagnostiqué avec un trouble bipolaire et sous traitement au lithium.";En l’absence de données, chez la femme enceinte ou allaitante, éviter de consommer un CA contenant une préparation à base de cette partie de plante ;En l’absence de données, avant l’âge de 18 ans, éviter de consommer un CA contenant une préparation à base de cette partie de plante. Réservé à l’adulte.
Fumaria officinalis L.;Fumeterre officinale;Parties aériennes;Traditionnel;Papaveraceae;infusion;cholérétique, dépurative;troubles hépato-biliaires;Parties aériennes;En cas d’obstruction biliaire ou d’insuffisance hépatique, ne pas consommer un CA contenant une préparation à base de cette partie de plante.;-;En l’absence de données, chez la femme enceinte ou allaitante, éviter de consommer un CA contenant une préparation à base de cette partie de plante ;En l’absence de données, avant l’âge de 18 ans, éviter de consommer un CA contenant une préparation à base de cette partie de plante. Réservé à l’adulte.
Gentiana lutea L.;Grande gentiane, Gentiane jaune;Racine;Traditionnel;Gentianaceae;infusion;tonique amère, digestive;manque d’appétit, digestion lente;Racine, rhizome;-;-;En l’absence de données, chez la femme enceinte ou allaitante, éviter de consommer un CA contenant une préparation à base de cette partie de plante ;En l’absence de données, avant l’âge de 18 ans, éviter de consommer un CA contenant une préparation à base de cette partie de plante. Réservé à l’adulte.
Ginkgo biloba L.;Ginkgo, Arbre des pagodes, Arbre aux quarante écus;Feuille;Traditionnel;Ginkgoaceae;extrait, gélules;vasodilatatrice, antioxydante;troubles circulatoires, mémoire;Feuille, graine grillée;"*  En cas d’épilepsie, ne pas consommer de CA contenant une préparation à base de cette partie de plante. 
*  En cas d’acte interventionnel invasif programmé, ne pas consommer de CA contenant une préparation à base de cette partie de plante.";Augmente les effets des médicaments anticoagulants et antiagrégants notamment les dérivés coumariniques de synthèse. En cas de prise concomitante d’anticoagulants ou antiagrégants plaquettaires, consulter un médecin.  ;En l’absence de données, chez la femme enceinte ou allaitante, éviter de consommer un CA contenant une préparation à base de cette partie de plante ;En l’absence de données, avant l’âge de 18 ans, éviter de consommer un CA contenant une préparation à base de cette partie de plante. Réservé à l’adulte.
Glycyrrhiza glabra L. et Glycyrrhiza uralensis Fisch;Réglisse;Racine;Traditionnel;Fabaceae;infusion, extrait;anti-inflammatoire, expectorante, adoucissante;toux, gastrite, ulcère léger;Racine, rhizome, stolon;"*  En cas d’hypertension artérielle, de pathologies cardiaques ou rénales, d’insuffisance hépatique, et de tout trouble de l’équilibre hydro-électrolytique, ne pas consommer de CA contenant une préparation à base de cette partie de plante. 
*  En cas de prise de médicaments diurétiques, antihypertenseurs, hétérosides cardiotoniques, corticoïdes, laxatifs stimulants ou d'autres traitements pouvant perturber l'équilibre hydro-électrolytique, ne pas consommer de CA contenant une préparation à base de cette partie de plante.";Interactions de la glycyrrhizine et de son métabolite intestinal l’acide 18β-glycyrrhétinique avec les médicaments qui interfèrent avec l’équilibre hydro-électrolytique.;En raison de la présence de glycyrrhizine, et des risques chez la femme enceinte ou allaitante, la consommation de CA contenant une préparation à base de cette partie de plante est formellement contre-indiquée;En raison de la présence de glycyrrhizine, avant l’âge de 18 ans, la consommation un CA contenant une préparation à base de cette partie de plante est formellement contre-indiquée. Réservé à l’adulte 
Grindelia robusta Nutt. Et Grindelia camporum Greene (syn. de Grindelia hirsutula Hook. & Arn.) et Grindelia squarrosa (Pursh) Dunal;Grindélia robuste;Parties aériennes;Traditionnel;Asteraceae;infusion, extrait;antitussive, antispasmodique;toux grasse, bronchites;Parties aériennes;En cas d'allergie croisée connue, en particulier aux plantes de la famille des Asteraceae, ne pas consommer un CA contenant une préparation à base de cette partie de plante.;-;En l’absence de données, chez la femme enceinte ou allaitante, éviter de consommer un CA contenant une préparation à base de cette partie de plante ;En l’absence de données, avant l’âge de 18 ans, éviter de consommer un CA contenant une préparation à base de cette partie de plante. Réservé à l’adulte.
Hamamelis virginiana L.;Hamamélis de Virginie;Feuille;Traditionnel;Hamamelidaceae;infusion, usage externe;astringente, veinotonique;varices, hémorroïdes;Feuille, écorce;-;-;En l’absence de données, chez la femme enceinte ou allaitante, éviter de consommer un CA contenant une préparation à base de cette partie de plante ;En l’absence de données, avant l’âge de 12 ans, éviter de consommer un CA contenant une préparation à base de cette partie de plante. Réservé à l’adulte.
Harpagophytum procumbens (Burch.) DC. ex Meisn. Et Harpagophytum zeyheri Decne.;Harpagophyton, Griffe du diable;Racine secondaire tubérisée;Traditionnel;Pedaliaceae;extrait, gélules;anti-inflammatoire, antalgique;douleurs articulaires, arthrose;Organes souterrains;En cas d’ulcère gastro-duodénal ou de troubles biliaires (calculs biliaires), ne pas consommer un CA contenant une préparation à base de cette partie de plante.;-;En l’absence de données, chez la femme enceinte ou allaitante, éviter de consommer un CA contenant une préparation à base de cette partie de plante ;En l’absence de données, avant l’âge de 18 ans, éviter de consommer un CA contenant une préparation à base de cette partie de plante. Réservé à l’adulte.
Hedera helix L.;Lierre grimpant;Feuille;Bien établi;Araliaceae;sirop, extrait;expectorante, antitussive;toux grasse, bronchites;Feuille;"En cas d'allergie croisée connue (en particulier aux plantes de la famille des Araliaceae), ne pas consommer un CA contenant une préparation à base de cette partie de plante. 
En cas de gastrite ou d’ulcère gastrique, ne pas consommer un complément alimentaire contenant une préparation à base de cette plante. Ne pas dépasser les doses recommandées. ";-;En l’absence de données, chez la femme enceinte ou allaitante, éviter de consommer un CA contenant une préparation à base de cette partie de plante ;"Avant l’âge de 4 ans, ne pas de consommer de CA contenant une préparation à base de cette partie de plante. 
A partir de 2 ans: 
• 2-5 ans : 
o Extraits aqueux et hydroalcooliques faibles < 30 % éthanol: 24 à 288 mg équivalent plante sèche/j. 
o Extraits hydroalcooliques forts (mais < 60 % éthanol) : 42 à 204 mg équivalent plante sèche/j.
• 6-11 ans : 
o Extraits aqueux ethanoliques faibles < 30 % éthanol : 44 à 560 mg équivalent plante sèche/j. 
o  Extraits hydroalcooliques forts : 42 à 300 mg équivalent plante sèche/j.
 "
Helichrysum arenarium (L.) Moench.;Immortelle des sables;Fleur;Traditionnel;Asteraceae;infusion;cholérétique, digestive;troubles hépatiques légers;Fleur;"* En cas d’obstructions biliaires ou de maladie hépatique, ne pas consommer un CA contenant une préparation à base de cette partie de plante. 
* En cas d'allergie croisée connue, en particulier aux plantes de la famille des Asteraceae, ne pas consommer de CA contenant une préparation à base de cette partie de plante.";-;En l’absence de données, chez la femme enceinte ou allaitante, éviter de consommer un CA contenant une préparation à base de cette partie de plante ;En l’absence de données, avant l’âge de 18 ans, éviter de consommer un CA contenant une préparation à base de cette partie de plante. Réservé à l’adulte.
Hieracium pilosella L.;Epervière piloselle;Parties aériennes avec racine;Traditionnel;Asteraceae;infusion;diurétique, drainante;rétention d’eau, œdèmes;Toutes parties;"* En cas d’insuffisance cardiaque ou rénale œdèmateuses, ne pas consommer un CA contenant une préparation à base de cette partie de plante. 
* En cas d'allergie croisée connue, en particulier aux plantes de la famille des Asteraceae, ne pas consommer un CA contenant une préparation à base de cette partie de plante.";-;En l’absence de données, chez la femme enceinte ou allaitante, éviter de consommer un CA contenant une préparation à base de cette partie de plante ;En l’absence de données, avant l’âge de 18 ans, éviter de consommer un CA contenant une préparation à base de cette partie de plante. Réservé à l’adulte.
Humulus lupulus L.;Houblon;Fleur (strobile);Traditionnel;Cannabaceae;infusion, extrait;sédative, anxiolytique;troubles du sommeil, nervosité;Cône;-;-;En l’absence de données chez la femme enceinte ou allaitante, éviter de consommer un complément alimentaire contenant une préparation à base de cette partie de plante;En l’absence de données, avant l’âge de 12 ans, éviter de consommer un complément alimentaire contenant une préparation à base de cette partie de plante 
Hypericum perforatum L.;Millepertuis ;Parties aériennes;Bien établi;Hypericaceae;infusion, extrait;antidépressive légère, sédative;dépression légère, anxiété;Non précisée (DGCCRF, 2019) ;Eviter de s’exposer au soleil après la consommation un CA contenant une préparation à base de cette partie de plante.  Utiliser un protection solaire cutanée. ;"*Induction enzymatique par le millepertuis de certains cytochromes (CYP3A4, CYP2C9, CYP2C19) et de la P–glycoprotéine, une modification du métabolisme de certains médicaments est observée (dont celui de la ciclosporine, du tacrolimus (par voie systémique), de l'amprenavir, de l'indinavir et des autres inhibiteurs de protéases dans le traitement du VIH, de certains anesthésiques, de l’irinotecan, de l’imatinib et d’autres agents cytostatiques, de la warfarine et des contraceptifs oraux) conduisant généralement à une diminution de l’efficacité du traitement. 
*Cette éventualité devrait en particulier être précisée pour l’interaction avec les contraceptifs oraux. Pour tout patient sous traitement, demander le conseil d’un professionnel de santé avant la prise de millepertuis.";En l’absence de données, chez la femme enceinte ou allaitante, éviter de consommer un CA contenant une préparation à base de cette partie de plante ;En l’absence de données, avant l’âge de 18 ans, éviter de consommer un CA contenant une préparation à base de cette partie de plante. Réservé à l’adulte.
Ilex paraguariensis A. St.-Hil.;Maté, Thé du Paraguay, Yerba maté;Feuille;Traditionnel;Aquifoliaceae;infusion;stimulante, tonique;fatigue, baisse de concentration;Feuille;En cas d’insuffisance cardiaque ou rénale œdèmateuses, d’ulcère gastro-duodénal, d’hypertension artérielle, ou d’hyperthyroïdie, ne pas consommer un CA contenant une préparation à base de cette partie de plante.;"*  Eviter de consommer des médicaments sédatifs ou sympathomimétiques. 
·      Diminution de l’effet des médicaments sédatifs.
·      Augmentation des effets indésirables des médicaments sympathomimétiques (comme l’adrénaline, la dobutamine, la dopamine, la dopexamine, l’isoprénaline, la noradrénaline, la phényléphrine).

* En cas de traitement concomitant par un médicament Inhibiteur de la Mono-Amine Oxydase (IMAO), éviter de consommer un complément alimentaire contenant une préparation à base de cette partie de plante.";En l’absence de données, chez la femme enceinte ou allaitante, éviter de consommer un CA contenant une préparation à base de cette partie de plante ;En l’absence de données, avant l’âge de 18 ans, éviter de consommer un CA contenant une préparation à base de cette partie de plante. Réservé à l’adulte.
Juniperus communis L.;Genévrier commun;Pseudo-fruit;Traditionnel;Cupressaceae;décoction;diurétique, antiseptique urinaire;troubles urinaires;Faux fruit, cône femelle, racine, bois, résine, jeune pousse;En cas d’insuffisance cardiaque ou rénale œdèmateuses, maladie rénale sévère, y compris néphrite interstitielle infectieuse, pyélite et pyélonéphrite, ne pas consommer un CA contenant une préparation à base de cette partie de plante.;L’utilisation concomitante avec des médicaments diurétiques n’est pas recommandée. ;En l’absence de données, chez la femme enceinte ou allaitante, éviter de consommer un CA contenant une préparation à base de cette partie de plante ;En l’absence de données, avant l’âge de 18 ans, éviter de consommer un CA contenant une préparation à base de cette partie de plante. Réservé à l’adulte.
Lavandula angustifolia Mill.;Lavande, Lavande vraie;Fleur;Traditionnel;Lamiaceae;infusion, huile essentielle;calmante, antiseptique;stress, troubles du sommeil;Fleur, sommité fleurie;-;-;En l’absence de données chez la femme enceinte ou allaitante, éviter de consommer un complément alimentaire contenant une préparation à base de cette partie de plante;En l’absence de données, avant l’âge de 12 ans, éviter de consommer un complément alimentaire contenant une préparation à base de cette partie de plante 
Leonurus cardiaca L.;Agripaume cardiaque;Parties aériennes;Traditionnel;Lamiaceae;infusion;cardiotonique, sédative;palpitations, anxiété;Parties aériennes;-;-;"*En raison de la présence d’alcaloïdes, chez la femme enceinte, la consommation de CA contenant une préparation à base de cette partie de plante est formellement contre-indiquée.
*En l’absence de données chez la femme allaitante, éviter de consommer un CA contenant une préparation à base de cette partie de plante.";En l’absence de données, avant l’âge de 18 ans, éviter de consommer un CA contenant une préparation à base de cette partie de plante. Réservé à l’adulte.
Levisticum officinale W.D.J. Koch;Céleri perpétuel, Livèche;Racine;Traditionnel;Apiaceae;infusion, alimentation;diurétique, dépuratif;rétention d’eau, drainage;Toutes parties;En cas de d'allergie croisée connue, en particulier à la famille des Apiaceae (anis, carvi, céleri, coriandre, aneth) ou à l’anéthole, ne pas consommer un CA contenant une préparation à base de cette partie de plante.;-;En l’absence de données, chez la femme enceinte ou allaitante, éviter de consommer un CA contenant une préparation à base de cette partie de plante ;En l’absence de données, avant l’âge de 18 ans, éviter de consommer un CA contenant une préparation à base de cette partie de plante. Réservé à l’adulte.
Linum usitatissimum L.;Lin cultivé;Graine;Traditionnel;Linaceae;graines, infusion;émolliente, laxative douce;constipation, irritation intestinale;Graine, huile issue de la graine;En cas de trouble de la déglutition, ne pas consommer un CA contenant une préparation à base de cette partie de plante sous forme de graine entière ou broyée (risque de fausse route).;Retard à l’absorption de médicaments pris de façon concomitante. En cas de traitement médicamenteux concomitant, consommer un CA contenant une préparation à base de cette partie de plante (graine) à distance du ou des médicaments (au moins 60 minutes d’intervalle).;En l’absence de données chez la femme enceinte ou allaitante, éviter de consommer un complément alimentaire contenant une préparation à base de cette partie de plante;En l’absence de données, avant l’âge de 12 ans, éviter de consommer un complément alimentaire contenant une préparation à base de cette partie de plante 
Marrubium vulgare L.;Marrube blanc;Parties aériennes;Traditionnel;Lamiaceae;infusion;expectorante, tonique amère;toux chronique, digestion lente;Parties aériennes;"* En cas d’ulcère gastro-duodénal ou d’obstruction biliaire (calculs biliaires), ne pas consommer un CA contenant une préparation à base de cette partie de plante. 
* En cas d'allergie croisée connue, en particulier aux plantes de la famille des Lamiaceae, ne pas consommer un CA contenant une préparation à base de cette partie de plante";-;En l’absence de données chez la femme enceinte ou allaitante, éviter de consommer un complément alimentaire contenant une préparation à base de cette partie de plante;En l’absence de données, avant l’âge de 12 ans, éviter de consommer un complément alimentaire contenant une préparation à base de cette partie de plante 
Matricaria chamomilla L. (syn. Matricaria recutita L.);Matricaire, Matricaire camomille, Camomille vulgaire, Camomille allemande ;Fleur (capitule);Traditionnel;Asteraceae;infusion;anti-inflammatoire, antispasmodique;troubles digestifs, règles douloureuses;Toutes parties;En cas d'allergie croisée connue, en particulier aux plantes de la famille des Asteraceae, ne pas consommer un CA contenant une préparation à base de cette partie de plante.;"* Interférence avec les médicaments anti-rejet (un cas clinique après consommation prolongée (2 mois) à des doses élevées après une transplantation rénale)
* des interactions basées sur des effets sur le CYP450 ont été rapportées";En l’absence de données, chez la femme enceinte ou allaitante, éviter de consommer un CA contenant une préparation à base de cette partie de plante (à l’exception des infusions);"o  En l’absence de données, avant l’âge de 6 mois, éviter de consommer un CA contenant une préparation à base de cette partie de plante (cas A). A partir de 6 ans, respecter le type de préparation et un niveau d’exposition inférieur ou équivalent, rapportés ci-dessous. 
A partir de 6 mois : en infusion  
• 6 mois à 2 ans : 0,5 à 2 g, 2 à 4 fois/j. 
• 2 ans à 6 ans : 1 à 1,5 g, 2 à 4 fois/j.  
• 6 ans à 12 ans : 1,5 à 3g 2 à 4 fois/j soit 1,5 g à 12 g équivalent plante sèche/j.  

Extrait hydroalcoolique 48% : 
• Enfants 6-12 ans 0,27 à 2,35 g équivalent plante sèche/j.
"
Melaleuca alternifolia (Maiden & Betche) Cheel;Melaleuca, Arbre à thé, Mélaleuque;Huile essentielle de feuille;Traditionnel;Myrtaceae;huile essentielle;antibactérienne, antifongique;infections cutanées;Huile essentielle;En cas d'allergie croisée connue, en particulier à la colophane, ne pas consommer un CA contenant cette huile essentielle.;-;En l’absence de données chez la femme enceinte ou allaitante, éviter de consommer un complément alimentaire contenant une préparation à base de cette partie de plante;En l’absence de données, avant l’âge de 12 ans, éviter de consommer un complément alimentaire contenant une préparation à base de cette partie de plante 
Melilotus officinalis (L.) Lam.;Mélilot officinal;Parties aériennes;Traditionnel;Fabaceae;infusion;veinotonique, anticoagulante légère;insuffisance veineuse;Parties aériennes;-;-;En l’absence de données, chez la femme enceinte ou allaitante, éviter de consommer un CA contenant une préparation à base de cette partie de plante ;En l’absence de données, avant l’âge de 18 ans, éviter de consommer un CA contenant une préparation à base de cette partie de plante. Réservé à l’adulte.
Melissa officinalis L.;Mélisse, Mélisse officinale;Feuille;Traditionnel;Lamiaceae;infusion;calmante, antispasmodique;stress, troubles digestifs nerveux;Feuille;-;-;En l’absence de données chez la femme enceinte ou allaitante, éviter de consommer un complément alimentaire contenant une préparation à base de cette partie de plante;En l’absence de données, avant l’âge de 12 ans, éviter de consommer un complément alimentaire contenant une préparation à base de cette partie de plante 
Mentha x piperita L.;Menthe poivrée;Feuille;Traditionnel;Lamiaceae;infusion;digestive, antispasmodique;ballonnements, nausées;Feuille, sommité fleurie;"* En cas de reflux gastro-oesophagien, d’ulcère gastro-duodénal, de gastrite ou de troubles biliaires (calculs biliaires) et /ou hépatiques, ne pas consommer un CA contenant une préparation à base de cette partie de plante.
* En cas d’allergie au menthol, ne pas consommer un CA contenant une préparation à base de cette partie de plante.";-;En raison de la présence de pulégone et de menthofurane (cancérogènes), chez la femme enceinte ou allaitante, éviter de consommer un CA contenant une préparation à base de cette partie de plante ;"En raison de la présence de pulégone et de menthofurane (cancérogènes), avant l’âge de 4 ans, éviter de consommer un CA contenant une préparation à base de cette partie de plante.
A partir de 4 ans : en infusion : 
• 4-11 ans et adolescents, 1,0-2,0g, 3 fois/j.
 "
Oenothera biennis L.;Onagre bisanuelle;Huile de la graine;Traditionnel;Onagraceae;huile, gélules;anti-inflammatoire, régulatrice hormonale;syndrome prémenstruel;Graine, huile de la graine;-;-;En l’absence de données chez la femme enceinte ou allaitante, éviter de consommer un complément alimentaire contenant une préparation à base de cette partie de plante;En l’absence de données, avant l’âge de 12 ans, éviter de consommer un complément alimentaire contenant une préparation à base de cette partie de plante 
Olea europaea L.;Olivier;Feuille;Traditionnel;Oleaceae;infusion, extrait;hypotensive, antioxydante;hypertension légère;Feuille, fruit;En cas d’insuffisance cardiaque ou rénale, ne pas consommer un CA contenant une préparation à base de cette partie de plante.;-;En l’absence de données chez la femme enceinte ou allaitante, éviter de consommer un complément alimentaire contenant une préparation à base de cette partie de plante;En l’absence de données, avant l’âge de 18 ans, éviter de consommer un CA contenant une préparation à base de cette partie de plante. Réservé à l’adulte.
Ononis spinosa et O. spinosa  subsp. hircina (Jacq.) Gams;Bugrane épineuse, Arrête-bœuf;Racine;Traditionnel;Fabaceae;décoction;diurétique;troubles urinaires;Racine, jeune pousse cuite;En cas d’insuffisance cardiaque ou rénale œdèmateuses, ne pas consommer un CA contenant une préparation à base de cette partie de plante.;-;En l’absence de données chez la femme enceinte ou allaitante, éviter de consommer un complément alimentaire contenant une préparation à base de cette partie de plante;En l’absence de données, avant l’âge de 12 ans, éviter de consommer un complément alimentaire contenant une préparation à base de cette partie de plante 
Origanum dictamnus L.;Dictame de Crête;Parties aériennes;Traditionnel;Lamiaceae;infusion;digestive, antispasmodique;troubles digestifs;Parties aériennes;En cas d'allergie croisée connue en particulier aux plantes de la famille des Lamiaceae, ne pas consommer un CA contenant une préparation à base de cette partie de plante.;-;En l’absence de données, chez la femme enceinte ou allaitante, éviter de consommer un CA contenant une préparation à base de cette partie de plante ;En l’absence de données, avant l’âge de 18 ans, éviter de consommer un CA contenant une préparation à base de cette partie de plante. Réservé à l’adulte.
Origanum majorana L.;Marjolaine, Marjolaine à coquille;Parties aériennes;Traditionnel;Lamiaceae;infusion;calmante, digestive;stress, digestion lente;Parties aériennes;En cas d'allergie croisée connue en particulier aux plantes de la famille des Lamiaceae, ne pas consommer un CA contenant une préparation à base de cette partie de plante.;-;En l’absence de données, chez la femme enceinte ou allaitante, éviter de consommer un CA contenant une préparation à base de cette partie de plante ;En l’absence de données, avant l’âge de 18 ans, éviter de consommer un CA contenant une préparation à base de cette partie de plante. Réservé à l’adulte.
Orthosiphon aristatus (Blume) Miq.;Orthosiphon, Thé de Java, Moustache de chat;Feuille;Traditionnel;Lamiaceae;infusion;diurétique, drainante;élimination rénale;Feuille;En cas d’insuffisance cardiaque ou rénale œdèmateuses, ne pas consommer un CA contenant une préparation à base de cette partie de plante;-;En l’absence de données, chez la femme enceinte ou allaitante, éviter de consommer un CA contenant une préparation à base de cette partie de plante ;En l’absence de données, avant l’âge de 18 ans, éviter de consommer un CA contenant une préparation à base de cette partie de plante. Réservé à l’adulte.
Panax ginseng C.A.Mey.;Ginseng, Mandragore coréenne;Racine;Traditionnel;Araliaceae;extrait, gélules;adaptogène, tonique;fatigue physique et mentale;Racine, feuille, fruit;-;-;En l’absence de données, chez la femme enceinte ou allaitante, éviter de consommer un CA contenant une préparation à base de cette partie de plante ;En l’absence de données, avant l’âge de 18 ans, éviter de consommer un CA contenant une préparation à base de cette partie de plante. Réservé à l’adulte.
Passiflora incarnata L. (syn. de Passiflora edulis Sims);Passiflore;Parties aériennes;Traditionnel;Passifloraceae;infusion, extrait;sédative, anxiolytique;insomnie, anxiété;Non précisée (DGCCRF, 2019);-;-;En l’absence de données chez la femme enceinte ou allaitante, éviter de consommer un complément alimentaire contenant une préparation à base de cette partie de plante;En l’absence de données, avant l’âge de 12 ans, éviter de consommer un complément alimentaire contenant une préparation à base de cette partie de plante 
Paullinia cupana Kunth;Guarana;Graine;Traditionnel;Sapindaceae;extrait;stimulante;fatigue, baisse d’énergie;Graine, pâte de la graine;En cas d’ulcère gastro-duodénal et/ou de troubles cardiaques (arythmie, hypertension), et/ou d’hyperthyroïdie, ne pas consommer un CA contenant une préparation à base de cette partie de plante.;"·      Diminue l’effet des médicaments sédatifs (comme les barbituriques, les benzodiazépines, les opiacés, les anti-histaminiques de type 1).
·      Augmente les effets indésirables des médicaments sympathomimétiques (comme l’adrénaline, la dobutamine, la dopamine, la dopexamine, l’isoprénaline, la noradrénaline, la phényléphrine) ";En raison de la présence de caféine et en l’absence de données, chez la femme enceinte ou allaitante, contre-indication de consommer un CA contenant une préparation à base de cette partie de plante;En raison de la présence de caféine et en l’absence de données, avant l’âge de 18 ans, éviter de consommer un CA contenant une préparation à base de cette partie de plante. Réservé à l’adulte 
Pelargonium sidoides DC.;Pélargonium du Cap;Racine;Traditionnel;Geraniaceae;extrait;antibactérienne, antivirale;infections respiratoires;Non précisée (DGCCRF, 2019);-;-;En l’absence de données chez la femme enceinte ou allaitante, éviter de consommer un complément alimentaire contenant une préparation à base de cette partie de plante;"En l’absence de données, avant l’âge de 6 ans, éviter de consommer un CA contenant une préparation à base de cette partie de plante . A partir de 6 ans, respecter le type de préparation et un niveau d’exposition inférieur ou équivalent, rapportés ci-dessous 
Extrait hydroalcoolique 11% : 
• 6 à 12 ans : 
o Extrait liquide : 0,79-0,83 ml, 3 fois/j.
o  Extrait sec : 20 mg, 2 fois/j.
"
Peumus boldus Molina;Boldo;Feuille;Traditionnel;Monimiaceae;infusion;cholérétique, digestive;troubles hépatiques;Feuille;En cas d’obstruction biliaire ou d’insuffisance hépatique, ne pas consommer un CA contenant une préparation à base de cette partie de plante.;-;En l’absence de données, chez la femme enceinte ou allaitante, contre-indication de consommer un CA contenant une préparation à base de cette partie de plante ;En l’absence de données, avant l’âge de 18 ans, éviter de consommer un CA contenant une préparation à base de cette partie de plante. Réservé à l’adulte.
Phaseolus vulgaris L.;Haricot commun;Cosse;Traditionnel;Fabaceae;cosse en infusion;hypoglycémiante;déséquilibres glycémiques légers;Fruit (cosse), graine;-;-;En l’absence de données, chez la femme enceinte ou allaitante, éviter de consommer un CA contenant une préparation à base de cette partie de plante ;En l’absence de données, avant l’âge de 18 ans, éviter de consommer un CA contenant une préparation à base de cette partie de plante. Réservé à l’adulte.
Pimpinella anisum L.;Anis;Fruit;Traditionnel;Apiaceae;infusion;carminatif, antispasmodique;ballonnements;Fruit;-;-;En l’absence de données chez la femme enceinte ou allaitante, éviter de consommer un complément alimentaire contenant une préparation à base de cette partie de plante;En l’absence de données, avant l’âge de 12 ans, éviter de consommer un complément alimentaire contenant une préparation à base de cette partie de plante 
Plantago afra L.;Psyllium;Graine;Bien établi;Plantaginaceae;graines;laxative mécanique;constipation chronique;Graine;"* En cas de saignement rectal non diagnostiqué et incapacité à déféquer liés à l'utilisation d'un laxatif, ne pas consommer un CA contenant une préparation à base de cette partie de plante.
* En cas de rétrécissement anormal du tractus gastro-intestinal, en cas de maladies de l'œsophage et du cardia, un blocage intestinal potentiel ou existant, une paralysie de l'intestin ou un mégacôlon, ne pas consommer un CA contenant une préparation à base de cette partie de plante.
* En cas de trouble de la déglutition, ne pas consommer un CA contenant une préparation à base de cette partie de plante sous forme de graine entière ou broyée (risque de fausse route).";"* Risque d'obstruction gastro-intestinale Ne pas consommer un CA contenant une préparation à base de cette partie de plante avec des médicaments connus pour inhiber les mouvements péristaltiques (par exemple, les opioïdes).
*  Retard à l'absorption des minéraux, comme le calcium, le fer et le zinc, des vitamines, comme la vitamine B12, et des médicaments, en particulier des hétérosides cardiotoniques, des dérivés de la coumarine, et du lithium. Consommer un CA contenant cette plante à distance de médicaments (au moins 60 minutes d’intervalle).  ";En l’absence de données, chez la femme enceinte ou allaitante, éviter de consommer un CA contenant une préparation à base de cette partie de plante;" En l’absence de données, avant l’âge de 6 ans, éviter de consommer un CA contenant une préparation à base de cette partie de plante. A partir de 6 ans, respecter le type de préparation et un niveau d’exposition inférieur ou équivalent, rapportés ci-dessous. 
A partir de 6 ans : 
• 6-12 ans : 12 à 25 g/j. 
• > 12 ans, adultes : 25-40 g/j graine entière, avec ou sans tégument, ou en poudre (apport hydrique suffisant).
"
Plantago lanceolata L.;Plantain lancéolé;Feuille;Traditionnel;Plantaginaceae;infusion;anti-inflammatoire, expectorante;toux, irritations respiratoires;Feuille;-;-;En l’absence de données, chez la femme enceinte ou allaitante, éviter de consommer un CA contenant une préparation à base de cette partie de plante ;o  En l’absence de données, avant l’âge de 3 ans, éviter de consommer un CA contenant une préparation à base de cette partie de plante . 
Plantago ovata Forsk.;Ispaghul;Graine;Bien établi;Plantaginaceae;graines;laxative mécanique;constipation, régulation du transit;Graine, Tégument de la graine;"* En cas de saignement rectal non diagnostiqué et incapacité à déféquer liés à l'utilisation d'un laxatif, ne pas consommer un CA contenant une préparation à base de cette partie de plante. 
* En cas de rétrécissement anormal du tractus gastro-intestinal, en cas de maladies de l'œsophage et du cardia, un blocage intestinal potentiel ou existant, une paralysie de l'intestin ou un mégacôlon, ne pas consommer un CA contenant une préparation à base de cette partie de plante. 
* En cas de trouble de la déglutition, ne pas consommer un CA contenant une préparation à base de cette partie de plante sous forme de graine entière ou broyée (risque de fausse route).";"* Risque d'obstruction gastro-intestinale Ne pas consommer un CA contenant une préparation à base de cette partie de plante avec des médicaments connus pour inhiber les mouvements péristaltiques (par exemple, les opioïdes).
*  Retard à l'absorption des minéraux, comme le calcium, le fer et le zinc, des vitamines, comme la vitamine B12, et des médicaments, en particulier des hétérosides cardiotoniques, des dérivés de la coumarine, et du lithium. Consommer un CA contenant cette plante à distance de médicaments (au moins 60 minutes d’intervalle).  ";Chez la femme enceinte ou allaitante, la consommation d’un CA contenant une préparation à base de cette partie de plante est possible si un changement de régime alimentaire s’est révélé inefficace ;"En l’absence de données, avant l’âge de 6 ans, éviter de consommer un CA contenant une préparation à base de cette partie de plante . A partir de 6 ans, respecter le type de préparation et un niveau d’exposition inférieur ou équivalent, rapportés ci-dessous. 
A partir de 6 ans :
• 6-12 ans : 4 à 25 g/j.
• > 12 ans, adultes : 8-40 g/j graine entière, avec ou sans tégument, ou en poudre (apport hydrique suffisant).
"
Polygonum aviculare L.;Renouée des oiseaux, Traînasse;Parties aériennes;Traditionnel;Polygonaceae;infusion;astringente, diurétique;diarrhées légères;Parties aériennes, graine;En cas d’insuffisance cardiaque ou rénale, ne pas consommer un CA contenant une préparation à base de cette partie de plante.;-;En l’absence de données chez la femme enceinte ou allaitante, éviter de consommer un complément alimentaire contenant une préparation à base de cette partie de plante;En l’absence de données, avant l’âge de 12 ans, éviter de consommer un complément alimentaire contenant une préparation à base de cette partie de plante 
Potentilla erecta (L.) Raeusch.;Tormentille, Potentille dressée, Potentille officinale, Herbe de sainte Catherine;Rhizome;Traditionnel;Rosaceae;décoction;astringente;diarrhées;Rhizome, racine;-;En cas de traitement médicamenteux concomitant, consommer le CA contenant cette plante à distance de médicaments (au moins 60 minutes d’intervalle).  ;En l’absence de données, chez la femme enceinte ou allaitante, éviter de consommer un CA contenant une préparation à base de cette partie de plante ;En l’absence de données, avant l’âge de 18 ans, éviter de consommer un CA contenant une préparation à base de cette partie de plante. Réservé à l’adulte.
Primula elatior (L.) Hill et Primula veris L.;Primevère officinale;Fleur;Traditionnel;Primulaceae;infusion;expectorante, sédative;toux, troubles du sommeil;Fleur, Racine;"En cas de gastrite ou d’ulcère gastro-duodénal, ne pas consommer un CA contenant une préparation à base de cette plante.
En cas d'allergie croisée connue (en particulier aux plantes du genre Primula), ne pas consommer un CA contenant une préparation à base de cette partie de plante.";-;En l’absence de données chez la femme enceinte ou allaitante, éviter de consommer un complément alimentaire contenant une préparation à base de cette partie de plante;"En l’absence de données, avant l’âge de 12 ans, éviter de consommer un complément alimentaire contenant une préparation à base de cette partie de plante.
"
Prunus africana (Hook. f.) Kalkman;Prunier d'Afrique;Ecorce;Traditionnel;Rosaceae;extrait;anti-inflammatoire prostatique;hypertrophie bénigne de la prostate;Ecorce;-;-;En l’absence de données, chez la femme enceinte ou allaitante, éviter de consommer un CA contenant une préparation à base de cette partie de plante ;En l’absence de données, avant l’âge de 18 ans, éviter de consommer un CA contenant une préparation à base de cette partie de plante. Réservé à l’adulte.
Quercus petraea (Matt.) Liebl., Quercus pubescens Willd. Et Quercus robur L.;Chêne rouvre, Chêne pubescent et Chêne pédonculé;Ecorce;Traditionnel;Fagaceae;décoction, usage externe;astringente;diarrhées, inflammations cutanées;Non précisée (DGCCRF, 2019);-;Retarde l’absorption de médicaments pris concomitamment En cas de traitement médicamenteux concomitant,  consommer le CA contenant cette plante à distance de médicaments (au moins 60 minutes d’intervalle).  ;En l’absence de données, chez la femme enceinte ou allaitante, éviter de consommer un CA contenant une préparation à base de cette partie de plante ;En l’absence de données, avant l’âge de 18 ans, éviter de consommer un CA contenant une préparation à base de cette partie de plante. Réservé à l’adulte.
Rheum officinale Baill. Et Rheum palmatum L.;Rhubarbe officinale, Rhubarbe palmée, Rhubarbe de Chine;Racine;Bien établi;Polygonaceae;extrait;laxative, digestive;constipation occasionnelle;Rhizome, racine;En cas d’occlusion intestinale, de maladie inflammatoire intestinale aigüe ou chronique, de douleurs abdominales d’origine inexpliqué, d’insuffisance cardiaque ou rénale œdèmateuse, de déshydratation sévère ou d’hypokaliémie, ne pas consommer de CA contenant une préparation à base de cette partie de plante.;"Effets sur la kaliémie: 
*Potentialisation de l'effet des médicaments diurétiques sur la kaliémie
*Interférence avec les médicaments anti-arythmiques";En raison de la présence de dérivés hydroxyanthracéniques, chez la femme enceinte ou allaitante, la consommation de CA contenant une préparation à base de cette partie de plante est formellement contre-indiquée ;En raison de la présence de dérivés hydroxyanthracéniques, avant l’âge de 12 ans, la consommation de CA contenant une préparation à base de cette partie de plante est formellement contre-indiquée
Ribes nigrum L.;Groseillier noir, Cassis, Cassissier;Feuille;Traditionnel;Grossulariaceae;infusion, extrait;anti-inflammatoire;douleurs articulaires;Feuille, bourgeon de feuille, fruit, graine;En cas d’insuffisance cardiaque ou rénale œdémateuses, ne pas consommer un CA contenant une préparation à base de cette partie de plante;-;En l’absence de données, chez la femme enceinte ou allaitante, éviter de consommer un CA contenant une préparation à base de cette partie de plante ;En l’absence de données, avant l’âge de 18 ans, éviter de consommer un CA contenant une préparation à base de cette partie de plante. Réservé à l’adulte.
Rosmarinus officinalis L.;Romarin;Feuille;Traditionnel;Lamiaceae;infusion;stimulante, digestive;fatigue, troubles digestifs;Feuille, sommité fleurie;En cas d’obstruction biliaire ou d’autres troubles de la fonction biliaire, éviter de consommer un CA contenant une préparation à base de cette partie de plante;-;En l’absence de données chez la femme enceinte ou allaitante, éviter de consommer un complément alimentaire contenant une préparation à base de cette partie de plante;En l’absence de données, avant l’âge de 12 ans, éviter de consommer un complément alimentaire contenant une préparation à base de cette partie de plante 
Rubus idaeus L.;Framboisier commun, Framboisier, Ronce du Mont Ida;Feuille;Traditionnel;Rosaceae;infusion;tonique utérin;troubles menstruels;Feuille, fruit, jeune pousse;-;-;En l’absence de données chez la femme enceinte ou allaitante, éviter de consommer un complément alimentaire contenant une préparation à base de cette partie de plante;En l’absence de données, avant l’âge de 18 ans, éviter de consommer un CA contenant une préparation à base de cette partie de plante. Réservé à l’adulte.
Ruscus aculeatus L.;Fragon épineux, Petit houx;Rhizome;Traditionnel;Asparagaceae;extrait;veinotonique;jambes lourdes;Rhizome, parties aériennes;-;-;En l’absence de données chez la femme enceinte ou allaitante, éviter de consommer un complément alimentaire contenant une préparation à base de cette partie de plante;En l’absence de données, avant l’âge de 18 ans, éviter de consommer un CA contenant une préparation à base de cette partie de plante. Réservé à l’adulte.
Salix fragilis L.et Salix purpurea L.;Saule fragile, Saule cassant et Osier rouge, Saule pourpre;Ecorce;Traditionnel;Salicaceae;infusion;antalgique, anti-inflammatoire;douleurs, fièvre;Ecorce, feuille;"* En cas d’ulcère gastro-duodénal, de déficit en glucose-6-phosphate déshydrogénase, de troubles de la coagulation, de maladie hépatique ou rénale, ne pas consommer de CA contenant une préparation à base de cette partie de plante.
* En cas d’allergie aux dérivés salicylés et/ou d’intolérance aux anti-inflammatoires non-stéroïdiens, ne pas consommer de CA contenant une préparation à base de cette partie de plante ;";En cas de prise concomitante d’anticoagulants et d’antiagrégants plaquettaires, ou de dérivés salicylés et/ou d’anti-inflammatoires non-stéroïdiens, consulter un médecin.;En raison de la présence de salicylées, chez la femme enceinte ou allaitante, la consommation de CA contenant une préparation à base de cette partie de plante est formellement contre-indiquée;En raison de la présence de salicylées, avant l’âge de 18 ans, la consommation de CA contenant une préparation à base de cette partie de plante est formellement contre-indiquée. Réservé à l’adulte 
Salvia officinalis subsp. lavandulifolia (Vahl) Gams (syn. Salvia lavandulifolia Vahl);Sauge officinale;Feuille;Traditionnel;Lamiaceae;infusion;antiseptique, régulatrice hormonale;sueurs, troubles digestifs;Feuille, parties aériennes;-;-;En l’absence de données chez la femme enceinte ou allaitante, éviter de consommer un complément alimentaire contenant une préparation à base de cette partie de plante;En l’absence de données, avant l’âge de 18 ans, éviter de consommer un CA contenant une préparation à base de cette partie de plante. Réservé à l’adulte.
Sambucus nigra L.;Sureau noir, Sureau commun;Fleur;Traditionnel;Adoxaceae;infusion;fébrifuge, sudorifique;rhumes, fièvre;Fleur, fruit mûr, feuille;-;-;En l’absence de données chez la femme enceinte ou allaitante, éviter de consommer un complément alimentaire contenant une préparation à base de cette partie de plante;En l’absence de données, avant l’âge de 12 ans, éviter de consommer un complément alimentaire contenant une préparation à base de cette partie de plante 
Sedum roseum (L.) Scop. (syn. Rhodiola rosea L.);Rhodiole rose, Orpin rose;Rhizome et racine;Traditionnel;Crassulaceae;extrait;adaptogène;stress, fatigue mentale;Toutes parties;-;-;En l’absence de données, chez la femme enceinte ou allaitante, éviter de consommer un CA contenant une préparation à base de cette partie de plante ;En l’absence de données, avant l’âge de 18 ans, éviter de consommer un CA contenant une préparation à base de cette partie de plante. Réservé à l’adulte.
Senna alexandrina Mill. (syn. Cassia senna L.);Séné d'Alexandrie;Fruit;Bien établi;Fabaceae;infusion;laxative stimulante;constipation;Fruit (gousse), feuille;En cas d’occlusion intestinale, de maladie inflammatoire intestinale aigüe ou chronique, de douleurs abdominales d’origine inexpliqué, d’insuffisance cardiaque ou rénale oedemateuse, de déshydratation sévère ou d’hypokaliémie, ne pas consommer de CA contenant une préparation à base de cette partie de plante.;"Effets sur la kaliémie: 
*Potentialisation de l'effet des médicaments diurétiques sur la kaliémie
*Interférence avec les médicaments anti-arythmiques";En raison de la présence de dérivés hydroxyanthracéniques, chez la femme enceinte ou allaitante, la consommation de CA contenant une préparation à base de cette partie de plante est formellement contre-indiquée ;En raison de la présence de dérivés hydroxyanthracéniques, avant l’âge de 12 ans, la consommation de CA contenant une préparation à base de cette partie de plante est formellement contre-indiquée 
Serenoa repens (W.Bartram) Small;Sabal, Palmier de Floride, Chou palmiste, Palmier de l'Amérique du Nord;Fruit;Bien établi;Arecaceae;extrait;anti-androgène;troubles prostatiques;Fruit;-;En cas de prise concomitante d’un traitement anti-coagulant, ne pas consommer un CA contenant une préparation à base de cette partie de plante. Cas d'interactions suspectées avec la warfarine.;En l’absence de données, chez la femme enceinte ou allaitante, éviter de consommer un CA contenant une préparation à base de cette partie de plante ;En l’absence de données, avant l’âge de 18 ans, éviter de consommer un CA contenant une préparation à base de cette partie de plante. Réservé à l’adulte.
"Sideritis syriaca L., Sideritis scardica Griseb. ; S. clandestina (Bory & Chaub.) Hayek ; S. raeseri Boiss. & Heldr. ";Thé de Crête;Parties aériennes;Traditionnel;Lamiaceae;infusion;antioxydante, digestive;fatigue, digestion lente;Partie aérienne (S. syriaca);En cas d'allergie croisée connue en particulier à une plante de la famille des Lamiaceae, ne pas consommer un CA contenant une préparation à base de cette partie de plante.;-;En l’absence de données, chez la femme enceinte ou allaitante, éviter de consommer un CA contenant une préparation à base de cette partie de plante ;En l’absence de données, avant l’âge de 18 ans, éviter de consommer un CA contenant une préparation à base de cette partie de plante. Réservé à l’adulte.
Silybum marianum (L.) Gaertn.;Chardon-Marie;Fruit;Traditionnel;Asteraceae;extrait;hépatoprotectrice;foie surchargé;Fruit;En cas d'allergie croisée connue en particulier à la famille des Asteraceae, ne pas consommer un CA contenant une préparation à base de cette partie de plante. ;-;En l’absence de données, chez la femme enceinte ou allaitante, éviter de consommer un CA contenant une préparation à base de cette partie de plante ;En l’absence de données, avant l’âge de 18 ans, éviter de consommer un CA contenant une préparation à base de cette partie de plante. Réservé à l’adulte.
Sisymbrium officinale (L) Scop.;Sisymbre officinal, Herbe aux chantres, Vélar;Parties aériennes;Traditionnel;Brassicaceae;infusion;adoucissante;enrouement, extinction de voix;Parties aériennes;-;-;En l’absence de données, chez la femme enceinte ou allaitante, éviter de consommer un CA contenant une préparation à base de cette partie de plante ;En l’absence de données, avant l’âge de 3 ans, éviter de consommer un CA contenant une préparation à base de cette partie de plante 
Solidago virgaurea;Solidage verge d'or;Parties aériennes;Traditionnel;Asteraceae;infusion;diurétique, anti-inflammatoire;troubles urinaires;Sommités fleuries;"*En cas d’insuffisance cardiaque ou rénale œdèmateuses, ne pas consommer un CA contenant une préparation à base de cette partie de plante.
* En cas d'allergie croisée connue en particulier à la famille des Asteraceae, ne pas consommer un CA contenant une préparation à base de cette partie de plante.";En cas de traitement concomitant par des diurétiques de synthèse, ne pas consommer un CA contenant une préparation à base de cette partie de plante.;En l’absence de données chez la femme enceinte ou allaitante, éviter de consommer un complément alimentaire contenant une préparation à base de cette partie de plante;En l’absence de données, avant l’âge de 12 ans, éviter de consommer un complément alimentaire contenant une préparation à base de cette partie de plante 
Syzygium aromaticum (L.) Merill et L.M. Perry;Girofle, Giroflier, Géroflier;Huile essentielle de bouton floral;Traditionnel;Myrtaceae;infusion, poudre;antiseptique, analgésique;douleurs dentaires;Huile essentielle;En cas d'allergie croisée connue au baume du Pérou, ne pas consommer un CA contenant une préparation à base de cette partie de plante.;-;En l’absence de données chez la femme enceinte ou allaitante, éviter de consommer un complément alimentaire contenant une préparation à base de cette partie de plante;En l’absence de données, avant l’âge de 18 ans, éviter de consommer un CA contenant une préparation à base de cette partie de plante. Réservé à l’adulte.
Tanacetum parthenium (L.) Sch. Bip.;Grande camomille;Parties aériennes;Traditionnel;Asteraceae;infusion;anti-inflammatoire;migraines;Parties aériennes;En cas d'allergie croisée connue, en particulier aux plantes de la famille des Asteraceae, ne pas consommer un CA contenant une préparation à base de cette partie de plante.;-;En l’absence de données chez la femme enceinte ou allaitante, éviter de consommer un complément alimentaire contenant une préparation à base de cette partie de plante;En l’absence de données, avant l’âge de 18 ans, éviter de consommer un CA contenant une préparation à base de cette partie de plante. Réservé à l’adulte.
Taraxacum officinale Web.;Pissenlit;Racine avec feuille;Traditionnel;Asteraceae;infusion;dépurative, diurétique;drainage hépatique;Racine, feuille et parties aériennes;"* En cas d’ulcère gastro-duodénal ou d’obstructions biliaires (par exemple par des calculs biliaires), ne pas consommer un CA contenant une préparation à base de cette partie de plante.* 
* En cas d’insuffisance cardiaque ou rénale œdémateuses, ne pas consommer un CA contenant une préparation à base de cette partie de plante.
* En cas d'allergie croisée connue, en particulier aux plantes de la famille des Asteraceae, ne pas consommer un CA contenant une préparation à base de cette partie de plante.";-;En l’absence de données chez la femme enceinte ou allaitante, éviter de consommer un complément alimentaire contenant une préparation à base de cette partie de plante;En l’absence de données, avant l’âge de 12 ans, éviter de consommer un complément alimentaire contenant une préparation à base de cette partie de plante 
Thymus vulgaris L.;Thym commun, Thym vrai;Parties aériennes;Traditionnel;Lamiaceae;infusion;antiseptique, expectorante;toux, infections respiratoires;Feuille, sommité fleurie;En cas d'allergie croisée connue, en particulier aux plantes de la famille des Lamiaceae, ne pas consommer un CA contenant une préparation à base de cette partie de plante.;-;En l’absence de données chez la femme enceinte ou allaitante, éviter de consommer un complément alimentaire contenant une préparation à base de cette partie de plante;En l’absence de données, avant l’âge de 12 ans, éviter de consommer un complément alimentaire contenant une préparation à base de cette partie de plante 
Thymus zygis L.;Thym d'Espagne, Thym rouge;Huile essentielle des parties aériennes fleuries (CT thymol);Traditionnel;Lamiaceae;infusion;antiseptique;affections respiratoires;Huile essentielle ;En cas d'allergie croisée connue, en particulier aux plantes de la famille des Lamiaceae, ne pas consommer un CA contenant une préparation à base de cette partie de plante.;-;En l’absence de données chez la femme enceinte ou allaitante, éviter de consommer un complément alimentaire contenant une préparation à base de cette partie de plante;En l’absence de données, avant l’âge de 18 ans, éviter de consommer un CA contenant une préparation à base de cette partie de plante. Réservé à l’adulte.
Tilia cordata Mill.et Tilia platyphyllos Scop.;Tilleul à petites feuilles, Tilleul des bois, Tilleul à feuilles en cœur, Tilleul à larges feuilles;Inflorescence;Traditionnel;Malvaceae;infusion;sédative, antispasmodique;stress, insomnie;Feuille, fleur, écorce, aubier;-;-;En l’absence de données chez la femme enceinte ou allaitante, éviter de consommer un complément alimentaire contenant une préparation à base de cette partie de plante;En l’absence de données, avant l’âge de 4 ans, éviter de consommer un CA contenant une préparation à base de cette partie de plante. A partir de 4 ans, respecter le type de préparation et un niveau d’exposition inférieur ou équivalent, rapportés ci-dessous .
Trigonella foenum-graecum L.;Fénugrec;Graine;Traditionnel;Fabaceae;graines;reconstituante, hypoglycémiante;fatigue, convalescence;Graine;-;-;En raison des données expérimentales toxicologiques, chez la femme enceinte ou allaitante, contre-indication de consommer un CA contenant une préparation à base de cette partie de plante ;En l’absence de données, avant l’âge de 18 ans, éviter de consommer un CA contenant une préparation à base de cette partie de plante. Réservé à l’adulte.
Urtica dioica L. et Urtica urensL.;Ortie dioïque, Grande ortie;Feuille;Traditionnel;Urticaceae;infusion, extrait;reminéralisante, dépurative;fatigue, carences;Feuille, Parties aériennes, Racine;En cas d’insuffisance cardiaque ou rénale œdémateuses, ne pas consommer de complément alimentaire contenant une préparation à base de cette partie de plante.;-;En l’absence de données chez la femme enceinte ou allaitante, éviter de consommer un complément alimentaire contenant une préparation à base de cette partie de plante;En l’absence de données, avant l’âge de 12 ans, éviter de consommer un complément alimentaire contenant une préparation à base de cette partie de plante 
Vaccinium myrtillus L.;Myrtille commune, Myrtillier, Baies de myrtille;Fruit frais;Traditionnel;Ericaceae;infusion, fruits;antioxydante, astringente;troubles circulatoires;Fruit frais;-;-;En l’absence de données chez la femme enceinte ou allaitante, éviter de consommer un complément alimentaire contenant une préparation à base de cette partie de plante;En l’absence de données, avant l’âge de 18 ans, éviter de consommer un CA contenant une préparation à base de cette partie de plante. Réservé à l’adulte.
Valeriana officinalis L.;Valériane officinale;Racine;Bien établi;Caprifoliaceae;infusion, extrait;sédative;insomnie;Organes souterrains;-;-;En l’absence de données chez la femme enceinte ou allaitante, éviter de consommer un complément alimentaire contenant une préparation à base de cette partie de plante;En l’absence de données, avant l’âge de 12 ans, éviter de consommer un complément alimentaire contenant une préparation à base de cette partie de plante 
"Verbascum densiflorum Bertol., Verbascum densiflorum Bertol. 
V. phlomoides L. 
";Bouillon blanc à grandes fleurs, Molène à fleurs denses, Bonhomme, Molène, Bouillon blanc à petites fleurs;Fleur;Traditionnel;Scrophulariaceae;infusion;émolliente, expectorante;toux sèche;Fleur, feuille;-;-;En l’absence de données chez la femme enceinte ou allaitante, éviter de consommer un complément alimentaire contenant une préparation à base de cette partie de plante;En l’absence de données, avant l’âge de 12 ans, éviter de consommer un complément alimentaire contenant une préparation à base de cette partie de plante 
Viola arvensis Murray et Viola tricolor L.;Pensée des champs;Sommités fleuries;Traditionnel;Violaceae;infusion;dépurative;affections cutanées;Parties aériennes;En cas d’allergie aux dérivés salicylés, ne pas consommer un CA contenant une préparation à base de cette partie de plante.;-;En l’absence de données chez la femme enceinte ou allaitante, éviter de consommer un complément alimentaire contenant une préparation à base de cette partie de plante;En l’absence de données, avant l’âge de 18 ans, éviter de consommer un CA contenant une préparation à base de cette partie de plante. Réservé à l’adulte.
Vitex agnus-castus L.;Gatillier, Agneau-chaste;Fruit;Bien établi;Lamiaceae;extrait;hormonorégulatrice;troubles du cycle menstruel;Fruit;En cas de cancer hormono-dépendant (ou d’antécédents personnels ou familiaux de tels cancers), de tumeur hypophysaire à prolactine, ou d’antécédents de troubles hypophysaires, ne pas consommer un CA contenant une préparation à base de cette partie de plante sans l’avis d’un professionnel de santé qualifié.;En cas de traitement médicamenteux concomitant par agonistes ou antagonistes dopaminergiques, œstrogènes ou antioestrogènes, demander conseil à un professionnel de santé qualifié.;"En l’absence de données, chez la femme enceinte, contre-indication de consommer un CA contenant une préparation à base de cette partie de plante.
En raison des données expérimentales toxicologiques, chez la femme allaitante, contre-indication de consommer un CA contenant une préparation à base de cette partie de plante 
";En l’absence de données, avant l’âge de 18 ans, éviter de consommer un CA contenant une préparation à base de cette partie de plante. Réservé à l’adulte.
Vitis vinifera L.;Vigne, Vigne rouge;Feuille;Bien établi;Vitaceae;infusion;veinotonique;insuffisance veineuse;Feuille, bourgeon de feuille, fruit, graine;-;-;En l’absence de données chez la femme enceinte ou allaitante, éviter de consommer un complément alimentaire contenant une préparation à base de cette partie de plante;En l’absence de données, avant l’âge de 18 ans, éviter de consommer un CA contenant une préparation à base de cette partie de plante. Réservé à l’adulte.
Zingiber officinale Roscoe;Gingembre;Rhizome;Bien établi;Zingiberaceae;infusion, poudre;stimulante, antiémétique;nausées, digestion lente;Rhizome;-;-;Il apparaît qu’une mise en garde chez la femme enceinte n’est pas nécessaire en l’état actuel des connaissances, pour les compléments alimentaires contenant du gingembre, dans des conditions traditionnelles d’emploi, c’est-à-dire sur de courtes périodes (1 semaine), pour les préparations usuelles.;"En l’absence de données, avant l’âge de 18 ans, éviter de consommer un CA contenant une préparation à base de cette partie de plante. Réservé à l’adulte. 
A partir de 6 ans :
•  6-12 ans : 250 à 500 mg de poudre en une prise, 1 à 2 h avant le voyage.
"
;;;;;;;;;;;;